course,professor,code,link,year,description
Neural Networks for Machine Learning,"Geoffrey Hinton, University of Toronto",Lecture-Slides / CSC321-tijmen,https://www.youtube.com/playlist?list=PLoRl3Ht4JOcdU872GhiYWf6jwrk_SNhz9,2012/2014,"""Neural Networks for Machine Learning"" is a comprehensive course taught by Geoffrey Hinton, a pioneer in artificial intelligence and a professor at the University of Toronto. Originally offered on Coursera between 2012 and 2014, the course delves into the fundamentals of artificial neural networks and their applications in machine learning tasks such as speech and object recognition, image segmentation, language modeling, and human motion analysis. It emphasizes both foundational algorithms and practical techniques essential for effectively training deep learning models. Designed for intermediate learners with a solid understanding of calculus and programming experience (particularly in Python), the course combines theoretical insights with practical guidance, making it a valuable resource for those interested in the evolution and application of deep learning technologies."
Neural Networks Demystified,"Stephen Welch, Welch Labs",Suppl. Code,https://www.youtube.com/playlist?list=PLiaHhY2iBX9hdHaRr6b7XevZtgZRa1PoU,2014,"This beginner-friendly YouTube series breaks down the fundamentals of neural networks using intuitive explanations and clear visuals. Stephen Welch guides viewers through core concepts like forward and backward propagation, gradient descent, and matrix operations, making it ideal for those new to machine learning."
Deep Learning at Oxford,"Nando de Freitas, Oxford University",Oxford-ML,https://www.youtube.com/playlist?list=PLE6Wd9FR--EfW8dtjAuPoTuPcqmOV53Fu,2015,"Delivered by DeepMind researcher Nando de Freitas, this comprehensive lecture series covers a wide range of deep learning topics, including convolutional and recurrent neural networks, variational autoencoders, and reinforcement learning. The course balances theoretical insights with practical examples, catering to both beginners and advanced learners."
Deep Learning for Perception,"Dhruv Batra, Virginia Tech",ECE-6504,https://www.youtube.com/playlist?list=PL-fZD610i7yAsfH2eLBiRDa90kL2ML0f7,2015,"This graduate-level course focuses on deep learning techniques for perception tasks such as image classification and object detection. Dhruv Batra delves into convolutional neural networks, backpropagation, and optimization methods, providing students with a solid foundation in applying deep learning to visual data."
Deep Learning,"Ali Ghodsi, University of Waterloo",STAT-946,https://www.youtube.com/playlist?list=PLehuLRPyt1Hyi78UOkMPWCGRxGcA9NVOE,F2015,"Ali Ghodsi's course offers a statistical perspective on deep learning, covering topics like neural network architectures, training algorithms, and regularization techniques. The lectures are designed to provide a deep understanding of the mathematical principles underpinning deep learning models."
CS231n: CNNs for Visual Recognition,"Andrej Karpathy, Stanford University",CS231n,None,2015,"This renowned course explores the application of convolutional neural networks (CNNs) to visual recognition tasks. Andrej Karpathy and colleagues cover topics such as image classification, object detection, and neural network optimization, making it a staple for those interested in computer vision."
CS224d: Deep Learning for NLP,"Richard Socher, Stanford University",CS224d,https://www.youtube.com/playlist?list=PLmImxx8Char8dxWB9LRqdpCTmewaml96q,2015,"Richard Socher's course delves into deep learning methods for natural language processing (NLP), including word embeddings, recurrent neural networks, and sequence-to-sequence models. The lectures provide both theoretical background and practical insights into applying deep learning to language tasks."
Bay Area Deep Learning,"Many legends, Stanford",None,https://www.youtube.com/playlist?list=PLrAXtmErZgOfMuxkACrYnD2fTgbzk2THW,2016,"This lecture series features talks from leading researchers in the field of deep learning, covering cutting-edge topics and advancements. The diverse range of speakers provides insights into various applications and research directions within deep learning."
CS231n: CNNs for Visual Recognition,"Andrej Karpathy, Stanford University",CS231n,https://www.youtube.com/playlist?list=PLkt2uSq6rBVctENoVBg1TpCC7OQi31AlC,2016,"An updated version of the 2015 course, this iteration includes new content and refinements based on the latest developments in CNNs and visual recognition. The course continues to be a comprehensive resource for understanding deep learning in computer vision."
Neural Networks,"Hugo Larochelle, Université de Sherbrooke",Neural-Networks,https://www.youtube.com/playlist?list=PL6Xpj9I5qXYEcOhn7TqghAJ6NAPrNmUBH,2016,"Hugo Larochelle's course provides a thorough introduction to neural networks, covering supervised, unsupervised, and semi-supervised learning. The lectures emphasize both the theoretical foundations and practical implementations of neural network models."
CS224n: NLP with Deep Learning,"Richard Socher, Stanford University",CS224n,https://www.youtube.com/playlist?list=PL3FW7Lu3i5Jsnh1rnUwq_TcylNr7EkRe6,2017,"An evolution of CS224d, this course focuses on modern NLP techniques using deep learning, including attention mechanisms and transformer models. The curriculum reflects the rapid advancements in NLP, providing students with up-to-date knowledge and skills."
CS231n: CNNs for Visual Recognition,"Justin Johnson, Stanford University",CS231n,https://www.youtube.com/playlist?list=PL3FW7Lu3i5JvHM8ljYj-zLfQRF3EO8sYv,2017,"This course offers a comprehensive introduction to deep learning for computer vision, focusing on convolutional neural networks (CNNs). Topics include image classification, object detection, and neural network architectures, providing both theoretical foundations and practical applications in visual recognition tasks."
Topics in Deep Learning,"Ruslan Salakhutdinov, CMU",10707,https://www.youtube.com/playlist?list=PLpIxOj-HnDsOSL__Buy7_UEVQkyfhHapa,F2017,"An advanced graduate-level course covering cutting-edge research in deep learning. It delves into topics like generative models, unsupervised learning, and deep reinforcement learning, emphasizing both theoretical understanding and practical implementation."
Deep Learning Crash Course,"Leo Isikdogan, UT Austin",None,https://www.youtube.com/playlist?list=PLWKotBjTDoLj3rXBL-nEIPRN9V3a9Cx07,2017,"Designed for beginners, this crash course introduces the fundamentals of deep learning, including neural networks, backpropagation, and popular architectures like CNNs and RNNs. It balances theoretical concepts with hands-on coding exercises."
Deep Learning and its Applications,"François Pitié, Trinity College Dublin",EE4C16,https://www.youtube.com/playlist?list=PLIo1iEzl5iB9NkulNR0X5vXN8AaEKglWT,2017,"This course explores deep learning techniques and their applications across various domains. It covers topics such as neural network architectures, training methodologies, and real-world applications in areas like image and speech processing."
Deep Learning,"Andrew Ng, Stanford University",CS230,https://www.youtube.com/playlist?list=PLoROMvodv4rOABXSygHTsbvUz4G_YQhOb,2018,"A comprehensive course that covers the foundations of deep learning, including neural networks, optimization algorithms, and practical strategies for building deep learning systems. It emphasizes real-world applications and best practices in model development."
UvA Deep Learning,"Efstratios Gavves, University of Amsterdam",UvA-DLC,https://uvadlc.github.io/lectures-sep2018.html,2018,"This course provides an in-depth look at deep learning methodologies, focusing on both theoretical aspects and practical implementations. Topics include neural network architectures, training techniques, and applications in computer vision and natural language processing."
Advanced Deep Learning and Reinforcement Learning,"Many legends, DeepMind",None,https://www.youtube.com/playlist?list=PLqYmG7hTraZDNJre23vqCGIVpfZ_K2RZs,2018,"A lecture series that delves into advanced topics in deep learning and reinforcement learning. It covers state-of-the-art research, including deep Q-networks, policy gradients, and applications in complex environments."
Machine Learning,"Peter Bloem, Vrije Universiteit Amsterdam",MLVU,https://www.youtube.com/playlist?list=PLCof9EqayQgsORO3pFzeYZFz6cszYO0VJ,2018,"An introductory course in machine learning, covering fundamental concepts such as supervised and unsupervised learning, model evaluation, and algorithmic approaches. It lays the groundwork for understanding and applying machine learning techniques."
Deep Learning,"Francois Fleuret, EPFL",EE-59,https://fleuret.org/ee559-2018/dlc/,2018,"This course offers a rigorous introduction to deep learning, focusing on mathematical foundations, neural network architectures, and training algorithms. It emphasizes a deep understanding of the principles underlying deep learning models."
Introduction to Deep Learning,"Alexander Amini, Harini Suresh and others, MIT",6.S191,https://www.youtube.com/playlist?list=PLtBw6njQRU-rwp5__7C0oIVt26ZgjG9NI,2017/ 2021,"A fast-paced introduction to deep learning, covering key concepts such as neural networks, backpropagation, and applications in areas like computer vision and natural language processing. The course includes hands-on labs and projects."
Deep Learning for Self-Driving Cars,"Lex Fridman, MIT",6.S094,https://www.youtube.com/playlist?list=PLrAXtmErZgOeiKm4sgNOknGvNjby9efdf,2017/2018,"This course focuses on the application of deep learning techniques to autonomous driving. Topics include perception, control, and decision-making systems, with an emphasis on real-world implementation and challenges in self-driving car technology."
Introduction to Deep Learning,"Bhiksha Raj and many others, CMU",11-485/785,https://www.youtube.com/playlist?list=PLp-0K3kfddPwJBJ4Q8We-0yNQEG0fZrSa,S2018,"An introductory course that covers the basics of deep learning, including neural network architectures, training algorithms, and applications. It provides a foundation for understanding and developing deep learning models."
Deep Learning Specialization,"Andrew Ng, Stanford",DL.AI,https://www.youtube.com/channel/UCcIXc5mJsHVYTZR1maL5l9w/playlists,2017/2018,"A series of courses that delve into deep learning topics such as neural networks, CNNs, sequence models, and strategies for improving model performance. It combines theoretical insights with practical assignments to build deep learning expertise."
Deep Learning,"Ali Ghodsi, University of Waterloo",STAT-946,https://www.youtube.com/playlist?list=PLehuLRPyt1HxTolYUWeyyIoxDabDmaOSB,F2017,"This course offers an in-depth exploration of deep learning, covering topics like neural network design, optimization techniques, and applications in various domains. It balances theoretical concepts with practical implementation."
Deep Learning,"Mitesh Khapra, IIT-Madras",CS7015,https://www.youtube.com/playlist?list=PLyqSpQzTE6M9gCgajvQbc68Hk_JKGBAYT,2018,"An advanced course that covers deep learning architectures, training methodologies, and applications. It emphasizes understanding the mathematical foundations and practical aspects of building deep learning models."
Deep Learning for AI,UPC Barcelona,DLAI-2017 / DLAI-2018,https://www.youtube.com/playlist?list=PL-5eMc3HQTBagIUjKefjcTbnXC0wXC_vd,2017/2018,"This course series focuses on the application of deep learning techniques in artificial intelligence. It covers neural network architectures, training strategies, and real-world applications across various AI domains."
Deep Learning,"Alex Bronstein and Avi Mendelson, Technion",CS236605,https://www.youtube.com/playlist?list=PLM0a6Z788YAZuqg2Ip-_dPLzEd33lZvP2,2018,"An advanced course that delves into deep learning theories, architectures, and applications. It emphasizes both the mathematical underpinnings and practical considerations in developing deep learning systems."
MIT Deep Learning,"Many Researchers, Lex Fridman, MIT","6.S094, 6.S091, 6.S093",https://www.youtube.com/playlist?list=PLrAXtmErZgOeiKm4sgNOknGvNjby9efdf,2019,"This course, led by Lex Fridman and other MIT researchers, offers a comprehensive introduction to deep learning. It covers foundational topics such as neural networks, convolutional and recurrent architectures, and extends to advanced subjects like reinforcement learning and generative adversarial networks (GANs). The course emphasizes both theoretical understanding and practical implementation, providing students with hands-on experience through projects and assignments. It's designed for individuals seeking to grasp the core concepts and applications of deep learning in various domains."
Deep Learning Book companion videos,Ian Goodfellow and others,DL-book slides,https://www.youtube.com/playlist?list=PLsXu9MHQGs8df5A4PzQGw-kfviylC-R9b,2017,"This video series serves as a companion to the seminal textbook ""Deep Learning"" by Ian Goodfellow, Yoshua Bengio, and Aaron Courville. The lectures delve into the theoretical underpinnings of deep learning, covering topics like linear algebra, probability theory, optimization, and machine learning fundamentals. It's an invaluable resource for readers of the book who wish to reinforce their understanding through visual and auditory means."
Theories of Deep Learning,"Many Legends, Stanford",Stats-385,https://www.youtube.com/playlist?list=PLwUqqMt5en7fFLwSDa9V3JIkDam-WWgqy,F2017,"This advanced course explores the theoretical aspects of deep learning, aiming to understand why deep neural networks perform so well in practice. It covers topics such as the expressiveness of neural networks, optimization landscapes, generalization, and the interplay between depth and width in architectures. The course is research-oriented, featuring lectures from leading experts in the field"
Neural Networks,Grant Sanderson,None,https://www.youtube.com/playlist?list=PLZHQObOWTQDNU6R1_67000Dx_ZCJB-3pi,2017/2018,"In this visually engaging series, Grant Sanderson demystifies the workings of neural networks using intuitive animations and explanations. The series covers the basics of how neural networks learn, the mathematics behind backpropagation, and how these models can be applied to tasks like digit recognition. It's particularly suited for beginners who prefer a conceptual understanding before diving into code."
CS230: Deep Learning,"Andrew Ng, Kian Katanforoosh, Stanford",CS230,https://www.youtube.com/playlist?list=PLoROMvodv4rOABXSygHTsbvUz4G_YQhOb,A2018,"CS230 offers a practical approach to deep learning, focusing on building and training neural networks for real-world applications. The course covers a range of topics, including convolutional networks, sequence models, and strategies for improving model performance. Students engage in projects that apply deep learning to areas like computer vision, natural language processing, and healthcare."
Theory of Deep Learning,"Lots of Legends, Canary Islands",DALI'18,https://www.youtube.com/playlist?list=PLeCNfJWZKqxtWBnV8gefGqmmPgz9YF4LR,2018,"The DALI'18 workshop brings together researchers to discuss the theoretical foundations of deep learning. Topics include the mathematical properties of neural networks, optimization challenges, and the statistical mechanics of learning. The workshop aims to bridge the gap between empirical successes and theoretical understanding in deep learning."
Introduction to Deep Learning,"Alex Smola, UC Berkeley",Stat-157,https://www.youtube.com/playlist?list=PLZSO_6-bSqHQHBCoGaObUljoXAyyqhpFW,S2019,"This course introduces students to the principles and practices of deep learning. It covers fundamental concepts such as feedforward networks, backpropagation, and regularization techniques. The course also explores applications in areas like computer vision and natural language processing, providing students with hands-on experience through assignments and projects."
Deep Unsupervised Learning,"Pieter Abbeel, UC Berkeley",CS294-158,https://www.youtube.com/channel/UCf4SX8kAZM_oGcZjMREsU9w/videos,S2019,"Focusing on unsupervised learning techniques, this course delves into methods like autoencoders, generative adversarial networks (GANs), and variational autoencoders (VAEs). It emphasizes the importance of learning from unlabeled data and explores how these methods can be applied to tasks such as image generation and representation learning."
Machine Learning,"Peter Bloem, Vrije Universiteit Amsterdam",MLVU,https://www.youtube.com/playlist?list=PLCof9EqayQgupldnTvqNy_BThTcME5r93,2019,"This course provides a broad overview of machine learning, covering both theoretical foundations and practical algorithms. Topics include supervised and unsupervised learning, model evaluation, and the ethical implications of machine learning. It's designed to equip students with the skills needed to apply machine learning techniques across various domains."
Deep Learning on Computational Accelerators,"Alex Bronstein and Avi Mendelson, Technion",CS236605,https://www.youtube.com/playlist?list=PLM0a6Z788YAa_WCy_V-q9NrGm5qQegZR5,S2019,"This course examines the intersection of deep learning and high-performance computing. It covers how to optimize deep learning models for execution on GPUs and other accelerators, discussing topics like parallel computing, memory management, and efficient algorithm design. The course is ideal for students interested in the computational aspects of deep learning."
Introduction to Deep Learning,"Bhiksha Raj and many others, CMU",11-785,https://www.youtube.com/playlist?list=PLp-0K3kfddPzNdZPX4p0lVi6AcDXBofuf,S2019,"CMU's 11-785 course offers a comprehensive introduction to deep learning, covering topics from basic neural network architectures to advanced models like transformers. The course emphasizes both theoretical understanding and practical implementation, with assignments that involve building models for tasks such as speech recognition and language modeling."
UvA Deep Learning,"Efstratios Gavves, University of Amsterdam",UvA-DLC,https://uvadlc.github.io/lectures-apr2019.html,S2019,"This course provides an in-depth exploration of deep learning techniques and their applications. It covers a range of topics, including convolutional networks, recurrent networks, and generative models. The course also discusses recent advancements in the field and encourages students to engage in research-oriented projects."
Deep Learning,"Prabir Kumar Biswas, IIT Kgp",None,https://www.youtube.com/playlist?list=PLbRMhDVUMngc7NM-gDwcBzIYZNFSK2N1a,2019,"This course offers a foundational understanding of deep learning, covering essential topics such as neural network architectures, training algorithms, and regularization techniques. It also explores applications in areas like computer vision and natural language processing, providing students with practical experience through coding assignments."
Deep Learning and its Applications,"Aditya Nigam, IIT Mandi",CS-671,https://www.youtube.com/playlist?list=PLKvX2d3IUq586Ic9gIhZj6ubpWV-OJfl4,2019,"This course focuses on the practical applications of deep learning across various domains. It covers topics like convolutional and recurrent neural networks, reinforcement learning, and unsupervised learning techniques. Students engage in projects that apply these methods to real-world problems, such as image classification and time-series prediction."
Neural Networks,"Neil Rhodes, Harvey Mudd College",CS-152,https://www.youtube.com/playlist?list=PLgEuVSRbAI9UIQSHGy4l01laA_12YOqEj,F2019,"This undergraduate course offers a comprehensive introduction to artificial neural networks, covering both theoretical foundations and practical applications. Students explore various network architectures, including feedforward, convolutional, and recurrent networks, and delve into training algorithms like backpropagation. The course emphasizes hands-on experience, with programming assignments that involve building and training neural networks for tasks such as image recognition and time-series prediction. By the end of the course, students gain a solid understanding of how neural networks function and how they can be applied to solve complex problems."
Deep Learning,"Thomas Hofmann, ETH Zürich",DAL-DL,https://video.ethz.ch/lectures/d-infk/2019/autumn/263-3210-00L.html,F2019,"This graduate-level course provides an in-depth exploration of deep learning techniques, focusing on both theoretical concepts and practical implementations. Topics include optimization methods, regularization techniques, and various neural network architectures such as convolutional and recurrent networks. The course also covers recent advancements in the field, including generative models and unsupervised learning approaches. Through lectures and hands-on assignments, students develop the skills necessary to design, train, and evaluate deep learning models for a variety of applications."
Deep Learning,"Milan Straka, Charles University",NPFL114,https://ufal.mff.cuni.cz/courses/npfl114/1718-summer,S2019,"This course introduces students to the fundamentals of deep learning, emphasizing both theoretical understanding and practical skills. The curriculum covers essential topics such as neural network architectures, training algorithms, and optimization techniques. Students engage in hands-on projects that involve implementing and training deep learning models for tasks like natural language processing and computer vision. The course is designed to equip students with the knowledge and experience needed to apply deep learning methods to real-world problems."
UvA Deep Learning,"Efstratios Gavves, University of Amsterdam",UvA-DLC-19,https://uvadlc.github.io/,F2019,"This master's level course delves into the theory and practice of deep learning, covering a wide range of topics including feedforward networks, convolutional neural networks, and generative models. Students explore optimization techniques, regularization methods, and the application of deep learning in various domains such as computer vision and natural language processing. The course combines lectures with practical assignments, enabling students to gain hands-on experience in designing and training deep learning models. By the end of the course, students are well-prepared to tackle complex machine learning challenges using deep learning approaches."
Artificial Intelligence: Principles and Techniques,"Percy Liang and Dorsa Sadigh, Stanford University",CS221,https://www.youtube.com/playlist?list=PLoROMvodv4rO1NB9TD4iUZ3qghGEGtqNX,F2019,"This foundational course in artificial intelligence covers the core principles and techniques used in the field. Topics include search algorithms, constraint satisfaction problems, probabilistic models, and machine learning methods. Students learn how to formulate problems, design intelligent agents, and apply AI techniques to real-world scenarios. The course combines theoretical lectures with practical assignments, providing a comprehensive understanding of how AI systems are developed and deployed."
Analyses of Deep Learning,"Lots of Legends, Stanford University",STATS-385,https://stats385.github.io/lecture_videos,2017/2019,"This advanced seminar series explores the theoretical underpinnings of deep learning, featuring lectures from leading researchers in the field. Topics include the mathematical foundations of neural networks, optimization landscapes, generalization theory, and the interpretability of deep models. The course encourages critical thinking and in-depth analysis, aiming to bridge the gap between empirical successes and theoretical understanding in deep learning. It's designed for students and researchers interested in the rigorous study of deep learning methodologies."
Deep Learning Foundations and Applications,"Debdoot Sheet and Sudeshna Sarkar, IIT-Kgp",AI61002,https://www.youtube.com/playlist?list=PL_AdDfjIMo6pZfwjZ0rJlkE_MIsmRW7Mh,S2020,"This course offers a comprehensive overview of deep learning, focusing on both foundational concepts and practical applications. Students study various neural network architectures, training algorithms, and optimization techniques. The course also explores the application of deep learning in areas such as computer vision, natural language processing, and healthcare. Through lectures and hands-on assignments, students gain the skills necessary to develop and deploy deep learning models in real-world scenarios."
"Designing, Visualizing, and Understanding Deep Neural Networks","John Canny, UC Berkeley",CS 182/282A,https://www.youtube.com/playlist?list=PLkFD6_40KJIwaO6Eca8kzsEFBob0nFvwm,S2020,"This course focuses on the design and interpretation of deep neural networks, emphasizing both theoretical insights and practical skills. Students learn about various network architectures, visualization techniques, and methods for understanding model behavior. The curriculum includes topics such as convolutional networks, recurrent networks, and generative models. Through projects and assignments, students develop the ability to design effective deep learning models and gain insights into their inner workings."
Deep Learning,"Yann LeCun and Alfredo Canziani, NYU",DS-GA 1008,https://www.youtube.com/playlist?list=PLLHTzKZzVU9eaEyErdV26ikyolxOsz6mq,S2020,"Taught by pioneers in the field, this course provides an in-depth exploration of deep learning techniques and their applications. Students study various neural network architectures, including convolutional and recurrent networks, and learn about training methods, optimization algorithms, and regularization techniques. The course also covers advanced topics such as generative models and reinforcement learning. Through lectures and practical assignments, students gain a comprehensive understanding of deep learning and its real-world applications."
Introduction to Deep Learning,"Bhiksha Raj, CMU",11-785,https://www.youtube.com/playlist?list=PLp-0K3kfddPzCnS4CqKphh-zT3aDwybDe,S2020,"This course offers a thorough introduction to deep learning, covering fundamental concepts and practical implementations. Students learn about neural network architectures, training algorithms, and optimization techniques. The course also explores applications in areas such as speech recognition, computer vision, and natural language processing. Through lectures and hands-on assignments, students develop the skills necessary to design, train, and evaluate deep learning models."
Deep Unsupervised Learning,"Pieter Abbeel, UC Berkeley",CS294-158,https://www.youtube.com/playlist?list=PLwRJQ4m4UJjPiJP3691u-qWwPGVKzSlNP,S2020,"This advanced course focuses on unsupervised learning techniques in deep learning, exploring models such as autoencoders, variational autoencoders, and generative adversarial networks. Students study the theoretical foundations of these models and their applications in areas like image generation and representation learning. The course combines lectures with practical assignments, enabling students to implement and experiment with various unsupervised learning approaches."
Machine Learning,"Peter Bloem, Vrije Universiteit Amsterdam",VUML,https://www.youtube.com/playlist?list=PLCof9EqayQgthR7IViXkAkUwel_rhxGYM,S2020,"This course provides a comprehensive introduction to machine learning, covering both theoretical concepts and practical applications. Topics include supervised and unsupervised learning, model evaluation, and algorithm selection. Students engage in hands-on projects that involve implementing machine learning algorithms and applying them to real-world datasets. The course is designed to equip students with the skills necessary to develop and evaluate machine learning models across various domains."
Introduction to Deep Learning and Generative Models,"Sebastian Raschka, UW-Madison",Stat453,https://www.youtube.com/playlist?list=PLTKMiZHVd_2JkR6QtQEnml7swCnFBtq4P,S2020,"This course introduces students to deep learning and generative models, covering topics such as neural network architectures, training algorithms, and optimization techniques. Students learn about generative models like variational autoencoders and generative adversarial networks, exploring their theoretical foundations and practical applications. The course includes hands-on assignments that involve implementing and training models for tasks such as image generation and data synthesis."
Deep Learning,"Andreas Maier, FAU Erlangen-Nürnberg",DL-2020,https://www.youtube.com/playlist?list=PLpOGQvPCDQzvgpD3S0vTy7bJe2pf_yJFj,SS2020,"This course offers a comprehensive overview of deep learning, focusing on both theoretical concepts and practical implementations. Students study various neural network architectures, training algorithms, and optimization techniques. The course also explores applications in areas such as medical imaging and signal processing. Through lectures and hands-on assignments, students gain the skills necessary to develop and deploy deep learning models in real-world scenarios."
Introduction to Deep Learning,"Laura Leal-Taixé and Matthias Niessner, TU-München",I2DL-IN2346,https://www.youtube.com/playlist?list=PLQ8Y4kIIbzy_OaXv86lfbQwPHSomk2o2e,SS2020,"This introductory course provides students with a solid foundation in deep learning, covering essential topics such as neural network architectures, training algorithms, and optimization techniques. Students engage in practical assignments that involve implementing and training models for tasks like image classification and object detection. The course is designed to equip students with the knowledge and skills necessary to apply deep learning methods to various applications."
Deep Learning,"Sargur Srihari, SUNY-Buffalo",CSE676,https://www.youtube.com/playlist?list=PLmx4utxjUQD70k_NzeiSIXf30m54T_e1h,2020,"This course offers a comprehensive introduction to deep learning, covering both theoretical foundations and practical applications. Students study various neural network architectures, training algorithms, and optimization techniques. The course also explores applications in areas such as natural language processing and computer vision. Through lectures and hands-on assignments, students develop the skills necessary to design, train, and evaluate deep learning models"
Deep Learning Lecture Series,"Lots of Legends, DeepMind x UCL, London",DLLS-20,https://www.youtube.com/playlist?list=PLqYmG7hTraZCDxZ44o4p3N5Anz3lLRVZF,2020,"This lecture series features talks from leading researchers in the field of deep learning, covering a wide range of topics including reinforcement learning, generative models, and optimization techniques. The series aims to provide insights into the latest advancements and research directions in deep learning."
MultiModal Machine Learning,"Louis-Philippe Morency & others, Carnegie Mellon University",11-777 MMML-20,https://www.youtube.com/channel/UCqlHIJTGYhiwQpNuPU5e2gg/videos,F2020,"This course focuses on building machine learning systems that can process and combine multiple modalities, such as text, audio, and video. Students learn techniques for representation learning, fusion strategies, and multimodal alignment. The course includes recent advances like transformers for multimodal data and challenges like missing modality handling. Practical assignments involve creating models that jointly understand speech, vision, and language, preparing students for real-world applications like human-computer interaction."
Reliable and Interpretable Artificial Intelligence,"Martin Vechev, ETH Zürich",RIAI-20,https://www.youtube.com/playlist?list=PLWjm4hHpaNg6c-W7JjNYDEC_kJK9oSp0Y,F2020,"This graduate-level course tackles the critical aspects of making AI systems trustworthy, focusing on interpretability, robustness, and verification. Students study verification methods for neural networks, adversarial attacks and defenses, causal reasoning, and techniques for explaining model decisions. Emphasis is placed on practical methods that ensure AI systems behave reliably, especially in safety-critical areas like healthcare and autonomous driving."
Fundamentals of Deep Learning,"David McAllester, Toyota Technological Institute, Chicago",TTIC-31230,https://www.youtube.com/channel/UCciVrtrRR3bQdaGbti9-hVQ/videos,F2020,"David McAllester's course offers a mathematically rigorous but accessible foundation for deep learning. Key topics include optimization (SGD, Adam), generalization theory, architectures (CNNs, RNNs, Transformers), and unsupervised learning. The lectures often bridge classical statistical learning theory with modern deep neural networks, giving students a principled understanding of why and how deep models work."
Foundations of Deep Learning,"Soheil Feize, University of Maryland, College Park",CMSC 828W,https://www.youtube.com/playlist?list=PLHgjs9ncvHi80UCSlSvQe-TK_uOyDv_Jf,F2020,"This course dives into theoretical and practical foundations behind modern deep learning. Topics include optimization landscapes, overparameterization, adversarial robustness, generalization bounds, and deep generative models. Through lectures and assignments, students explore not only how deep learning models succeed but also where they fail, and why certain architectures generalize better than others."
Deep Learning,"Andreas Geiger, Universität Tübingen",DL-UT,https://www.youtube.com/playlist?list=PL05umP7R6ij3NTWIdtMbfvX7Z-4WEXRqD,W20/21,"Andreas Geiger’s course provides a structured introduction to deep learning fundamentals and applications. It covers feedforward networks, CNNs, RNNs, and GANs, but also emphasizes modern approaches in computer vision like object detection and segmentation. It is particularly relevant for students interested in 3D vision and autonomous driving applications, given Geiger’s background (KITTI dataset creator)."
Deep Learning,"Andreas Maier, FAU Erlangen-Nürnberg",DL-FAU,https://www.youtube.com/playlist?list=PLpOGQvPCDQzvJEPFUQ3mJz72GJ95jyZTh,W20/21,"This course offers a clear and comprehensive introduction to deep learning, especially focusing on practical engineering applications. The lectures systematically build from simple perceptrons to deep CNNs, GANs, and reinforcement learning, including application areas like medical imaging. Emphasis is given to understanding the math intuitively and coding deep learning models from scratch."
Fundamentals of Deep Learning,"Terence Parr and Yannet Interian, University of San Francisco",DL-Fundamentals,https://www.youtube.com/playlist?list=PLFCc_Fc116ikeol9CZcWWKqmrJljxhE4N,S2021,"This course is a beginner-friendly yet thorough introduction to building deep learning models, particularly using PyTorch. Students cover topics like linear regression, feedforward neural networks, CNNs, and recurrent networks. The instructors emphasize project-based learning, culminating in a final project where students build and train complex deep learning pipelines."
Full Stack Deep Learning,"Pieter Abbeel, Sergey Karayev, UC Berkeley",FS-DL,https://www.youtube.com/playlist?list=PL1T8fO7ArWlcWg04OgNiJy91PywMKT2lv,S2021,"This unique course focuses not just on designing models but on taking deep learning models from prototype to production. Topics include data management, model deployment, hardware acceleration, monitoring model drift, and scalability. Real-world case studies prepare students for building deployable AI systems in industry settings."
"Deep Learning: Designing, Visualizing, and Understanding DNNs","Sergey Levine, UC Berkeley",CS 182,https://www.youtube.com/playlist?list=PL_iWQOsE6TfVmKkQHucjPAoRtIJYt8a5A,S2021,"Sergey Levine’s course teaches how deep networks work internally, beyond just training them. Topics include optimization visualization, loss surface analysis, robustness, generalization, and interpretability methods. Students are trained to not just apply deep learning but to critically evaluate and improve model behavior."
Deep Learning in the Life Sciences,"Manolis Kellis, MIT",6.874,https://www.youtube.com/playlist?list=PLypiXJdtIca5sxV7aE3-PS9fYX3vUdIOX,S2021,"This advanced interdisciplinary course explores how deep learning revolutionizes life sciences, genomics, and biomedical research. Topics include generative models for molecules, structure prediction, multi-omics analysis, and health AI. Students learn to apply deep learning creatively to biological data."
Introduction to Deep Learning and Generative Models,"Sebastian Raschka, University of Wisconsin-Madison",Stat 453,https://www.youtube.com/playlist?list=PLTKMiZHVd_2KJtIXOW0zFhFfBaJJilH51,S2021,"This course teaches the fundamentals of deep learning with an additional focus on generative models like VAEs and GANs. Students get practical experience building deep networks in PyTorch, learning techniques for model evaluation and transfer learning."
Deep Learning,"Alfredo Canziani and Yann LeCun, NYU",NYU-DLSP21,https://www.youtube.com/playlist?list=PLLHTzKZzVU9e6xUfG10TkTWApKSZCzuBI,S2021,"This course provides a rich and intuitive understanding of deep learning, starting from basics and moving into convolutional networks, sequence modeling, energy-based models, and reinforcement learning. Taught by two renowned researchers, the course balances theory with many practical exercises and projects."
Applied Deep Learning,"Alexander Pacha, TU Wien",None,https://www.youtube.com/playlist?list=PLNsFwZQ_pkE8xNYTEyorbaWPN7nvbWyk1,2020/2021,"Focusing on real-world applications, this course walks students through building deep models for practical tasks such as image classification, natural language processing, and audio signal processing. It emphasizes experimentation with modern architectures like ResNet and transformers."
Machine Learning,"Hung-yi Lee, National Taiwan University",ML'21,https://www.youtube.com/playlist?list=PLJV_el3uVTsNxV_IGauQZBHjBKZ26JHjd,S2021,"Hung-yi Lee’s famous lectures offer an intuitive yet technically solid approach to machine learning. The course covers traditional ML topics (SVMs, decision trees) and deep learning, and is well-known for its clear explanations and hands-on approach, available freely online with subtitles."
Mathematics of Deep Learning,"Lots of legends, FAU",MoDL,https://www.fau.tv/course/id/878,2019/21,"This series tackles the mathematical foundations underpinning deep learning, including optimization theory, information theory, linear algebra, and statistics. It's an ideal complement for students wanting to strengthen their theoretical rigor alongside practicing deep learning."
Deep Learning,"Peter Bloem, Michael Cochez, and Jakub Tomczak, VU-Amsterdam",DL,https://www.youtube.com/channel/UCYh1zKnwzrSjrO2Ae-akfTg/playlists,2020/21,"This course provides a strong foundation in modern deep learning, covering architectures, training procedures, optimization algorithms, and unsupervised learning methods. Projects involve practical application of techniques in real datasets and research contexts."
Applied Deep Learning,"Maziar Raissi, UC Boulder",ADL'21,https://www.youtube.com/playlist?list=PLoEMreTa9CNmuxQeIKWaz7AVFd_ZeAcy4,2021,"This course focuses on applying deep learning to scientific problems and engineering contexts. It covers regression, classification, sequence modeling, and scientific machine learning, with strong mathematical foundations and coding projects."
An Introduction to Group Equivariant Deep Learning,"Erik J. Bekkers, Universiteit van Amsterdam",UvAGEDL,https://www.youtube.com/playlist?list=PL8FnQMH2k7jzPrxqdYufoiYVHim8PyZWd,2022,"This specialized course covers group-equivariant networks, an advanced topic focusing on how symmetry groups (like rotations, reflections) can be incorporated into neural networks to enhance generalization and data efficiency."
Linear Algebra,"Gilbert Strang, MIT",18.06 SC,https://www.youtube.com/playlist?list=PL221E2BBF13BECF6C,2011,"The gold standard of linear algebra lectures, Strang’s series teaches everything from matrix theory to vector spaces with clear geometric intuition. Widely beloved for how it makes mathematical foundations accessible to engineers and scientists."
Probability Primer,"Jeffrey Miller, Brown University",mathematical monk,https://www.youtube.com/playlist?list=PL17567A1A3F5DB5E4,2011,"This course is a primer on probability theory, emphasizing intuition and calculation. Topics include probability distributions, Bayes' theorem, expectation, variance, and common statistical models."
"Information Theory, Pattern Recognition, and Neural Networks","David Mackay, University of Cambridge",ITPRNN,https://www.youtube.com/playlist?list=PLruBu5BI5n4aFpG32iMbdWoRVAA-Vcso6,2012,"This legendary lecture series covers the fundamentals of information theory, probabilistic modeling, and the theoretical basis for neural networks. Mackay’s explanations connect core principles across fields like compression, learning, and inference."
Linear Algebra Review,"Zico Kolter, CMU",LinAlg,https://www.youtube.com/playlist?list=PLM4Pv4KYYzGzL5ay6dmpyzRnbzQ__8v_t,2013,"A concise and practical review of linear algebra aimed at machine learning practitioners. The course covers essential topics such as matrix multiplication, eigenvalues, and least-squares, with an emphasis on application."
Probability and Statistics,Michel van Biezen,None,https://www.youtube.com/playlist?list=PLX2gX-ftPVXUWwTzAkOhBdhplvz0fByqV,2015,"A free YouTube series that explains probability distributions, random variables, hypothesis testing, and basic statistical inference in a highly accessible and practical way, aimed at undergraduates."
Linear Algebra: An in-depth Introduction,Pavel Grinfeld,None,https://www.youtube.com/playlist?list=PLlXfTHzgMRUKXD88IdzS14F4NxAZudSmv,2015/ 2017,"This lecture series offers an in-depth mathematical exploration of linear algebra, from fundamental concepts to more advanced topics like canonical forms. Highly visual and intuitive, yet rigorous."
Multivariable Calculus,"Grant Sanderson, Khan Academy",None,https://www.youtube.com/playlist?list=PLSQl0a2vh4HC5feHa6Rc5c0wbRTx56nF7,2016,"An intuitive introduction to multivariable calculus topics such as partial derivatives, multiple integrals, and vector calculus, delivered with the clarity and visual style Grant Sanderson is famous for."
Essence of Linear Algebra,Grant Sanderson,None,https://www.youtube.com/playlist?list=PLZHQObOWTQDPD3MizzM2xVFitgF8hE_ab,2016,"This beautifully visualized series breaks down the core ideas of linear algebra into intuitive concepts. Topics such as vector spaces, matrices, eigenvectors, and transformations are presented in a way that emphasizes geometric intuition over rote memorization. It's ideal for both beginners and those wanting to deeply understand the ""why"" behind linear algebra operations."
Essence of Calculus,Grant Sanderson,None,https://www.youtube.com/playlist?list=PLZHQObOWTQDMsr9K-rj53DwVRMYO3t5Yr,2017/2018,"Grant Sanderson reimagines calculus not as a collection of formulas, but as a way of thinking about change and accumulation. The series covers derivatives, integrals, multivariable calculus, and Taylor series through dynamic visualizations, offering an intuitive foundation perfect for both students new to calculus and those wanting to strengthen their conceptual understanding."
Math Background for Machine Learning,"Geoff Gordon, CMU","10-606, 10-607",https://www.youtube.com/playlist?list=PL7y-1rk2cCsAqRtWoZ95z-GMcecVG5mzA,F2017,"This course provides the essential mathematical tools required for machine learning, covering probability, linear algebra, calculus, and optimization. Geoff Gordon explains concepts in an accessible manner, making it particularly valuable for students transitioning into machine learning from non-mathematical backgrounds."
"Mathematics for Machine Learning (Linear Algebra, Calculus)","David Dye, Samuel Cooper, and Freddie Page, IC-London",MML,https://www.youtube.com/playlist?list=PLmAuaUS7wSOP-iTNDivR0ANKuTUhEzMe4,2018,"Accompanying a popular textbook, this course offers a structured and accessible introduction to the mathematics needed for modern machine learning. It starts with linear algebra and calculus fundamentals, gradually connecting them to practical ML applications like optimization and dimensionality reduction."
Multivariable Calculus,"S.K. Gupta and Sanjeev Kumar, IIT-Roorkee",MVC,https://www.youtube.com/playlist?list=PLq-Gm0yRYwTiQtK374NzhFOcQkWmJ71vx,2018,"This Indian Institute of Technology course covers multivariable calculus with mathematical rigor, including topics like partial derivatives, multiple integrals, vector calculus, and applications in physics and engineering. It serves as a solid mathematical foundation for machine learning and engineering studies."
Engineering Probability,"Rich Radke, Rensselaer Polytechnic Institute",None,https://www.youtube.com/playlist?list=PLuh62Q4Sv7BU1dN2G6ncyiMbML7OXh_Jx,2018,"This course introduces probability theory from an engineering perspective, covering topics like random variables, joint distributions, expectation, and Markov chains. It emphasizes solving real-world engineering problems through probabilistic modeling and intuition."
"Matrix Methods in Data Analysis, Signal Processing, and Machine Learning","Gilbert Strang, MIT",18.065,https://www.youtube.com/playlist?list=PLUl4u3cNGP63oMNUHXqIUcrkS2PivhN3k,S2018,"Gilbert Strang presents an elegant and practical exploration of matrices in the context of data science and signal processing. Topics include principal component analysis (PCA), least squares, and SVD (Singular Value Decomposition), linking linear algebra theory directly to modern applications."
Information Theory,"Himanshu Tyagi, IISC, Bengaluru",E2 201,https://www.youtube.com/playlist?list=PLgMDNELGJ1CYS-8dlMGPIaowVfeda4nUj,2018/20,"This course delves into fundamental topics in information theory, such as entropy, mutual information, source coding, and channel capacity. It connects theoretical foundations to practical applications like data compression and communication systems."
Math Camp,"Mark Walker, University of Arizona",UAMathCamp / Econ-519,https://www.youtube.com/playlist?list=PLcjqUUQt__ZGLhwUacPm7_RKs2eJNFwco,2019,"A short intensive review course designed to prepare economics and social science students for graduate-level quantitative courses. Topics include calculus, linear algebra, probability, and optimization, taught with a focus on applications in economics and data science."
A 2020 Vision of Linear Algebra,"Gilbert Strang, MIT",VoLA,https://www.youtube.com/playlist?list=PLUl4u3cNGP61iQEFiWLE21EJCxwmWvvek,S2020,"An updated and refined lecture series by Gilbert Strang emphasizing the modern role of linear algebra in machine learning, scientific computing, and data analysis. It covers familiar topics from 18.06 but with a stronger emphasis on numerical methods and applications."
Mathematics for Numerical Computing and Machine Learning,"Szymon Rusinkiewicz, Princeton University",COS-302,https://www.youtube.com/playlist?list=PL88aSuXxl_dSjC5pIG8bGkC5wsUPyW_Hh,F2020,"This course bridges numerical linear algebra, optimization, and machine learning. Topics include solving large systems of equations, eigenvalue problems, and the mathematical foundations behind training machine learning models."
Essential Statistics for Neuroscientists,"Philipp Berens, Universität Klinikum Tübingen",None,https://www.youtube.com/playlist?list=PL05umP7R6ij0Gw5SLIrOA1dMYScCx4oXT,2020,"Tailored for neuroscience researchers, this course teaches statistical inference, hypothesis testing, and Bayesian methods with applications to experimental neuroscience. It blends statistical rigor with practical data analysis challenges in biology."
Mathematics for Machine Learning,"Ulrike von Luxburg, Eberhard Karls Universität Tübingen",Math4ML,https://www.youtube.com/playlist?list=PL05umP7R6ij1a6KdEy8PVE9zoCv6SlHRS,W2020,"This mathematically rigorous course covers linear algebra, probability theory, and optimization specifically from a machine learning perspective. It’s ideal for students aiming to understand ML theory rather than just apply prebuilt models."
Introduction to Causal Inference,"Brady Neal, Mila, Montréal",CausalInf,https://www.youtube.com/playlist?list=PLoazKTcS0Rzb6bb9L508cyJ1z-U9iWkA0,F2020,"An excellent primer on causal inference methods, covering graphical models, potential outcomes, interventions, and counterfactuals. The course offers both theoretical understanding and practical modeling skills for drawing causal conclusions from data."
Applied Linear Algebra,"Andrew Thangaraj, IIT Madras",EE5120,https://www.youtube.com/playlist?list=PLyqSpQzTE6M-CHZU5RGfamcXOnuFyTOpm,2021,"This course dives into linear algebra applications in engineering, focusing on matrix decompositions, least squares problems, and data science applications. It emphasizes computational techniques and hands-on problem-solving."
Mathematical Tools for Data Science,"Carlos Fernandez-Granda, New York University",DS-GA 1013/Math-GA 2824,https://www.youtube.com/playlist?list=PLBEf5mJtE6KtU6YlXFZD6lyYcHhW5pIlc,2021,"This course provides a comprehensive mathematical foundation for data science. Topics include linear models, optimization, probability theory, and basic statistics, all taught with a strong link to practical data science tasks."
Mathematics for Numerical Computing and Machine Learning,"Ryan Adams, Princeton University",COS 302 / SML 305,https://www.youtube.com/playlist?list=PLCO4cUaBLHFEHo42HVIVWaSOvbAiH30uc,2021,"Building on earlier versions, Ryan Adams emphasizes solving linear systems, eigenproblems, and optimization challenges critical for scalable machine learning. Applications to deep learning and high-dimensional statistics are discussed."
Convex Optimization,"Stephen Boyd, Stanford University",ee364a,https://www.youtube.com/playlist?list=PL3940DD956CDF0622,2008,"A classic and deeply influential course, this series teaches the theory and applications of convex optimization, including interior-point methods, duality, and convex analysis. Boyd's intuitive explanations make advanced material highly accessible."
Introduction to Optimization,"Michael Zibulevsky, Technion",CS-236330,https://www.youtube.com/playlist?list=PLDFB2EEF4DDAFE30B,2009,"This Technion course covers classical optimization methods with a focus on algorithms like gradient descent, Newton's method, and constrained optimization. It balances theoretical proofs with numerical examples."
Optimization for Machine Learning,"S V N Vishwanathan, Purdue University",None,https://www.youtube.com/playlist?list=PL09B0E8AFC69BE108,2011,"Focusing specifically on optimization challenges arising in ML, this course covers stochastic gradient methods, convex and non-convex optimization, and dual formulations. It is ideal for students who want a solid mathematical grasp of ML optimization."
Optimization,"Geoff Gordon & Ryan Tibshirani, CMU",10-725,https://www.youtube.com/playlist?list=PL7y-1rk2cCsDOv91McLOnV4kExFfTB7dU,2012,"An in-depth, graduate-level course that covers convex and non-convex optimization, focusing on real-world ML and statistical learning problems. Topics include subgradient methods, mirror descent, and Lagrangian duality."
Convex Optimization,"Joydeep Dutta, IIT-Kanpur",cvx-nptel,https://www.youtube.com/playlist?list=PLbMVogVj5nJQHFqfiSdgaLCCWvDcm1W4l,2013,"A structured and theoretical course covering convex sets, convex functions, and optimization problems. It's especially valuable for students preparing for theoretical research or advanced machine learning applications."
Foundations of Optimization,"Joydeep Dutta, IIT-Kanpur",fop-nptel,https://www.youtube.com/playlist?list=PLbMVogVj5nJRRbofh3Qm3P6_NVyevDGD_,2014,"This course covers both classical and modern optimization methods, building up from fundamental ideas to more advanced topics like variational inequalities and optimality conditions."
Algorithmic Aspects of Machine Learning,"Ankur Moitra, MIT",18.409-AAML,https://www.youtube.com/playlist?list=PLB3sDpSRdrOvI1hYXNsa6Lety7K8FhPpx,S2015,"This course explores the theoretical and algorithmic foundations of ML, including learnability, generalization, and optimization under computational constraints. Ideal for students interested in the intersection of theoretical CS and ML."
Numerical Optimization,"Shirish K. Shevade, IISC",None,https://www.youtube.com/playlist?list=PL6EA0722B99332589,2015,"A comprehensive course covering numerical methods for optimization including line search, trust region methods, and constrained optimization. It emphasizes practical algorithms for solving optimization problems arising in data science and engineering."
Convex Optimization,"Ryan Tibshirani, CMU",10-725,https://www.youtube.com/playlist?list=PLjbUi5mgii6BZBhJ9nW7eydgycyCOYeZ6,S2015,"Ryan Tibshirani's lectures provide an accessible yet rigorous introduction to convex optimization, covering duality theory, optimality conditions, convex analysis, and applications in machine learning and statistics. Students learn how to recognize and exploit convex structure, with many real-world examples illustrating optimization in action."
Advanced Algorithms,"Ankur Moitra, MIT",6.854-AA,https://www.youtube.com/playlist?list=PL6ogFv-ieghdoGKGg2Bik3Gl1glBTEu8c,S2016,"This course presents a deep dive into advanced algorithmic techniques, including approximation algorithms, linear programming, spectral graph theory, and semidefinite programming. It focuses on algorithm design principles and complexity analysis for challenging computational problems."
Introduction to Optimization,"Michael Zibulevsky, Technion",None,https://www.youtube.com/playlist?list=PLBD31626529B0AC2A,2016,"Michael Zibulevsky teaches fundamental optimization methods with a focus on unconstrained and constrained optimization problems. Topics include gradient-based methods, Newton’s method, and KKT conditions, bridging theory with algorithmic implementations."
Convex Optimization,Javier Peña & Ryan Tibshirani,10-725/36-725,https://www.youtube.com/playlist?list=PLjbUi5mgii6AVdvImLB9-Hako68p9MpIC,F2016,"This version of 10-725 brings together two experts who jointly cover the theory and applications of convex optimization. Topics include first-order methods, strong duality, convex conjugates, and practical optimization frameworks widely used in machine learning."
Convex Optimization,"Ryan Tibshirani, CMU",10-725,https://www.youtube.com/playlist?list=PLpIxOj-HnDsMM7BCNGC3hPFU3DfCWfVIw,F2018,"A refreshed version of Tibshirani’s popular course that emphasizes practical algorithms like projected gradient descent, proximal methods, ADMM (Alternating Direction Method of Multipliers), and applications in high-dimensional statistics and ML pipelines."
Modern Algorithmic Optimization,"Yurii Nesterov, UCLouvain",None,https://www.youtube.com/playlist?list=PLEqoHzpnmTfAoUDqnmMly-KgyJ6ZM_axf,2018,"Taught by one of the founding fathers of modern convex optimization, this course covers first-order methods, accelerated gradient methods, and complexity theory. Nesterov’s lectures highlight both the mathematical beauty and practical power of optimization techniques."
"Optimization, Foundations of Optimization","Mark Walker, University of Arizona",MathCamp-20,https://www.youtube.com/playlist?list=PLcjqUUQt__ZE6wp_c4-FcRdmzBvx8VN7O,2019 / now,"An accessible crash course on optimization foundations tailored for economics and data science students. Covers convexity, optimality conditions, duality, and introduces linear and nonlinear programming."
Optimization: Principles and Algorithms,"Michel Bierlaire, École polytechnique fédérale de Lausanne (EPFL)",opt-algo,https://www.youtube.com/playlist?list=PLM4Pv4KYYzGzOpWwsaV6GgllT6njsi1G-,2019,"This EPFL course offers a systematic study of optimization algorithms, including unconstrained and constrained problems, interior-point methods, and duality. It is geared toward engineering and operations research students."
Optimization and Simulation,"Michel Bierlaire, École polytechnique fédérale de Lausanne (EPFL)",opt-sim,https://www.youtube.com/playlist?list=PL10NOnsbP5Q5NlJ-Y6Eiup6RTSfkuj1TR,S2019,"Focusing on combining optimization with simulation techniques, this course addresses stochastic optimization, Monte Carlo methods, and how to solve complex problems under uncertainty. Applications span logistics, traffic networks, and finance."
Brazilian Workshop on Continuous Optimization,"Lots of Legends, Instituto Nacional de Matemática Pura e Aplicada, Rio de Janeiro",cont. opt.,https://www.youtube.com/playlist?list=PLo4jXE-LdDTQVZhnLPq2W31vJ1fq1VSp6,2019,"A high-level research workshop featuring talks by world-leading optimization experts, covering topics from gradient methods to variational analysis and applications in continuous domains."
One World Optimization Seminar,"Lots of Legends, Universität Wien",1W-OPT,https://www.youtube.com/playlist?list=PLBQo-yZOMzLWEcAptzTYOnwXo9hhXrAa2,2020/,"An ongoing international seminar series featuring frontier research talks on optimization theory, convex and non-convex methods, and machine learning applications. It showcases a diverse set of speakers from academia and industry."
Convex Optimization II,"Constantine Caramanis, UT Austin",CVX-Optim-II,https://www.youtube.com/playlist?list=PLXsmhnDvpjORzPelSDs0LSDrfJcqyLlZc,S2020,"A continuation of convex optimization topics focusing on stochastic optimization, robust optimization, and cutting-edge applications to machine learning. Emphasizes advanced duality theory and optimization under uncertainty."
Combinatorial Optimization,"Constantine Caramanis, UT Austin",comb-op,https://www.youtube.com/playlist?list=PLXsmhnDvpjORcTRFMVF3aUgyYlHsxfhNL,F2020,"An introduction to optimization over discrete structures, covering problems like matching, flows, integer programming, and approximation algorithms. The course balances combinatorial techniques with LP relaxations and real-world applications."
Optimization Methods for Machine Learning and Engineering,"Julius Pfrommer, Jürgen Beyerer, Karlsruher Institut für Technologie (KIT)","Optim-MLE, slides",https://www.youtube.com/playlist?list=PLdkTDauaUnQpzuOCZyUUZc0lxf4-PXNR5,W2020/21,"This course introduces students to optimization algorithms used in machine learning and engineering problems, including convex optimization, non-convex methods, and gradient-based optimization, with a focus on practical implementation and engineering intuition."
CS229: Machine Learning,"Andrew Ng, Stanford University",CS229-old / CS229-new,https://www.youtube.com/playlist?list=PLA89DCFA6ADACE599,2007,"The legendary introductory course that has trained generations of machine learning practitioners. Covers supervised learning, unsupervised learning, support vector machines, and neural networks. Balances theory with coding assignments."
Machine Learning,"Jeffrey Miller, Brown University",mathematical monk,https://www.youtube.com/playlist?list=PLD0F06AA0D2E8FFBA,2011,"An intuitive and accessible course covering the foundations of supervised learning, Bayesian methods, decision trees, and boosting. Emphasizes conceptual understanding over heavy formalism, making it beginner-friendly."
Machine Learning,"Tom Mitchell, CMU",10-701,http://www.cs.cmu.edu/~tom/10701_sp11/lectures.shtml,2011,"One of the first formal machine learning courses ever taught, Mitchell’s lectures introduce key ML concepts such as overfitting, bias-variance tradeoff, Bayesian networks, and reinforcement learning. His book complements the course."
Machine Learning and Data Mining,"Nando de Freitas, University of British Columbia",CPSC-340,https://www.youtube.com/playlist?list=PLE6Wd9FR--Ecf_5nCbnSQMHqORpiChfJf,2012,"This course covers core machine learning methods and data mining techniques. Topics include SVMs, graphical models, PCA, and unsupervised learning. Known for its comprehensive coverage and accessible teaching style."
Learning from Data,"Yaser Abu-Mostafa, CalTech",CS156,https://www.youtube.com/playlist?list=PLD63A284B7615313A,2012,"A brilliantly structured course that teaches machine learning foundations through a statistical learning theory lens. Topics include the VC dimension, overfitting, regularization, and generalization theory, balanced with practical intuition."
Machine Learning,"Rudolph Triebel, Technische Universität München",Machine Learning,https://www.youtube.com/playlist?list=PLTBdjV_4f-EIiongKlS9OKrBEp8QR47Wl,2013,"A classical approach to machine learning covering probabilistic modeling, kernel methods, and graphical models, aimed at engineering students. Focuses on real-world applications in robotics and autonomous systems."
Introduction to Machine Learning,"Alex Smola, CMU",10-701,https://www.youtube.com/playlist?list=PLZSO_6-bSqHQmMKwWVvYwKreGu4b4kMU9,2013,"This course covers fundamental ML algorithms, kernel methods, and optimization in machine learning. Alex Smola’s teaching connects core ideas to practical algorithms used in SVMs, structured prediction, and beyond."
Introduction to Machine Learning,"Alex Smola and Geoffrey Gordon, CMU",10-701x,https://www.youtube.com/playlist?list=PLZSO_6-bSqHR7NPk4k0zqdm2dPdraQZ_B,2013,"An extension of the 10-701 course with a stronger emphasis on scalable learning, Bayesian methods, and real-world applications in large-scale settings. Well-suited for students wanting an introduction with a strong theoretical backbone."
Pattern Recognition,"Sukhendu Das, IIT-M and C.A. Murthy, ISI-Calcutta",PR-NPTEL,https://www.youtube.com/playlist?list=PLbMVogVj5nJQJMLb2CYw9rry0d5s0TQRp,2014,"A thorough exploration of statistical pattern recognition, including Bayesian classification, decision theory, clustering, and feature extraction. The course prepares students for practical applications in image and speech recognition."
An Introduction to Statistical Learning with Applications in R,"Trevor Hastie and Robert Tibshirani, Stanford",stat-learn / R-bloggers,https://www.youtube.com/playlist?list=PLOg0ngHtcqbPTlZzRHA2ocQZqB1D_qZ5V,2014,"An applied machine learning course focused on statistical approaches such as regression, classification, and clustering. Accompanied by the widely praised book ""An Introduction to Statistical Learning,"" it teaches ML through hands-on R programming."
Introduction to Machine Learning,"Katie Malone, Sebastian Thrun, Udacity",ML-Udacity,https://www.youtube.com/playlist?list=PLAwxTw4SYaPkQXg8TkVdIvYv4HfLG7SiH,2015,"This beginner-friendly Udacity course introduces core machine learning concepts including supervised learning, unsupervised learning, and model evaluation. Using intuitive explanations and simple Python code examples, it walks students through algorithms like decision trees, naive Bayes, SVMs, and k-means clustering. It’s an excellent choice for absolute beginners in ML."
Introduction to Machine Learning,"Dhruv Batra, Virginia Tech",ECE-5984,https://www.youtube.com/playlist?list=PL-fZD610i7yDUiNTFy-tEOxkTwg4mHZHu,2015,"A more technical introduction to machine learning, covering foundational models like linear regression, logistic regression, SVMs, boosting, and basic clustering. Dhruv Batra emphasizes understanding the math behind algorithms and their practical deployment, making it ideal for engineering students."
Statistical Learning - Classification,"Ali Ghodsi, University of Waterloo",STAT-441,https://www.youtube.com/playlist?list=PLehuLRPyt1Hy-4ObWBK4Ab0xk97s6imfC,2015,"This course focuses on statistical approaches to classification, covering methods like kNN, logistic regression, discriminant analysis, and SVMs. Ali Ghodsi provides intuitive explanations with a strong emphasis on the mathematical properties of classifiers and their real-world behavior."
Machine Learning Theory,"Shai Ben-David, University of Waterloo",None,https://www.youtube.com/playlist?list=PLPW2keNyw-usgvmR7FTQ3ZRjfLs5jT4BO,2015,"This course takes a deep dive into the theoretical foundations of machine learning, covering PAC learning, VC dimension, bias-variance decomposition, and generalization theory. It’s ideal for students who want a rigorous understanding of the ""why"" behind machine learning algorithms."
Introduction to Machine Learning,"Alex Smola, CMU",10-701,https://www.youtube.com/playlist?list=PLZSO_6-bSqHTTV7w9u7grTXBHMH-mw3qn,S2015,"Alex Smola’s 10-701 series covers a wide array of machine learning topics, from linear models and SVMs to probabilistic graphical models and kernel methods. The course balances mathematical rigor with an emphasis on algorithmic design and real-world applications."
Statistical Machine Learning,"Larry Wasserman, CMU",None,https://www.youtube.com/playlist?list=PLjbUi5mgii6BWEUZf7He6nowWvGne_Y8r,S2015,"Larry Wasserman, a statistician’s statistician, teaches machine learning from a deep statistical perspective. Topics include regression, classification, density estimation, and clustering, with a strong focus on the theoretical guarantees behind algorithms."
ML: Supervised Learning,"Michael Littman, Charles Isbell, Pushkar Kolhe, GaTech",ML-Udacity,https://www.youtube.com/playlist?list=PLAwxTw4SYaPl0N6-e1GvyLp5-MUMUjOKo,2015,"This course offers a clear, engaging introduction to supervised learning concepts. Students explore decision trees, ensembles, and Bayesian learning through intuitive explanations and practical projects, making it accessible for those new to the field."
ML: Unsupervised Learning,"Michael Littman, Charles Isbell, Pushkar Kolhe, GaTech",ML-Udacity,https://www.youtube.com/playlist?list=PLAwxTw4SYaPmaHhu-Lz3mhLSj-YH-JnG7,2015,"Complementing the supervised learning course, this series covers clustering, dimensionality reduction, and anomaly detection. It explains k-means, hierarchical clustering, PCA, and mixture models, emphasizing intuition and practical coding exercises."
Advanced Introduction to Machine Learning,Barnabas Poczos and Alex Smola,10-715,https://www.youtube.com/playlist?list=PL4YhK0pT0ZhWBzSBkMGzpnPw6sf6Ma0IX,F2015,"An advanced CMU course that explores non-parametric methods, graphical models, structured prediction, and deep learning. It’s mathematically rigorous and best suited for students preparing for research or advanced machine learning applications."
Machine Learning,"Pedro Domingos, UWashington",CSEP-546,https://www.youtube.com/playlist?list=PLTPQEx-31JXgtDaC6-3HxWcp7fq4N8YGr,S2016,"Pedro Domingos offers a broad survey of machine learning methods, ranging from decision trees and Bayesian learning to ensemble methods and deep learning. His focus is on practical application and understanding the strengths and weaknesses of different algorithms."
Statistical Machine Learning,"Larry Wasserman, CMU",None,https://www.youtube.com/playlist?list=PLTB9VQq8WiaCBK2XrtYn5t9uuPdsNm7YE,S2016,"An updated version of his earlier course, Wasserman continues his focus on rigorous statistical methods for learning, with expanded content on model selection, regularization techniques, and theory behind high-dimensional inference."
Machine Learning with Large Datasets,"William Cohen, CMU",10-605,https://www.youtube.com/playlist?list=PLnfBqXRW5MRhPtfkadfwQ0VcuSi2IwEcW,F2016,"This course specializes in scaling machine learning algorithms to very large datasets. Topics include distributed learning, online learning, approximate inference, and scalable versions of classical models like linear regression and clustering."
Math Background for Machine Learning,"Geoffrey Gordon, CMU",10-600,https://www.youtube.com/playlist?list=PL7y-1rk2cCsA339crwXMWUaBRuLBvPBCg,F2016,"A short course designed to provide essential math background for ML, covering linear algebra, probability, and basic optimization. Focused and efficient, it's aimed at getting students ""math-ready"" for more technical machine learning courses."
Statistical Learning - Classification,"Ali Ghodsi, University of Waterloo",None,https://www.youtube.com/playlist?list=PLehuLRPyt1HzXDemu7K4ETcF0Ld_B5adG,2017,"An updated and extended version of Ghodsi’s 2015 course, with additional topics such as ensemble methods (bagging, boosting) and neural network-based classifiers. Strong emphasis on performance evaluation and practical insights."
Machine Learning,"Andrew Ng, Stanford University",Coursera-ML,https://www.youtube.com/playlist?list=PLLssT5z_DsK-h9vYZkQkYNWcItqhlRJLN,2017,"One of the most popular online courses globally, Andrew Ng’s ML course covers supervised learning, unsupervised learning, reinforcement learning, and advice for applying ML. Balanced between theory and intuition, it remains a gold standard for ML education."
Machine Learning,"Roni Rosenfield, CMU",10-601,https://www.youtube.com/playlist?list=PL7k0r4t5c10-g7CWCnHfZOAxLaiNinChk,2017,"This CMU introductory course emphasizes practical algorithmic understanding, covering supervised learning, unsupervised learning, evaluation metrics, and model selection. Focused on breadth and real-world relevance rather than heavy theory."
Statistical Machine Learning,"Ryan Tibshirani, Larry Wasserman, CMU",10-702,https://www.youtube.com/playlist?list=PLjbUi5mgii6B7A0nM74zHTOVQtTC9DaCv,S2017,"An advanced course focusing on statistical theory behind ML. Topics include concentration inequalities, empirical risk minimization, sparsity, and kernel methods, with heavy emphasis on proofs and understanding learning guarantees."
Machine Learning for Computer Vision,"Fred Hamprecht, Heidelberg University",None,https://www.youtube.com/playlist?list=PLuRaSnb3n4kSQFyt8VBldsQ9pO9Xtu8rY,F2017,"A specialized course applying machine learning techniques to computer vision problems such as image segmentation, recognition, and object detection. Emphasizes structured prediction models and graphical models for vision tasks."
Math Background for Machine Learning,"Geoffrey Gordon, CMU",10-606 / 10-607,https://www.youtube.com/playlist?list=PL7y-1rk2cCsAqRtWoZ95z-GMcecVG5mzA,F2017,"An expanded, two-part version of Gordon’s earlier course, covering deeper topics in probability theory, matrix calculus, and optimization necessary for advanced machine learning and deep learning models."
Data Visualization,"Ali Ghodsi, University of Waterloo",None,https://www.youtube.com/playlist?list=PLehuLRPyt1HzQoXEhtNuYTmd0aNQvtyAK,2017,"This course covers modern techniques for visualizing high-dimensional data, including PCA, t-SNE, and manifold learning. Ali Ghodsi explains both the theory and practical considerations for making data visually interpretable."
Machine Learning for Physicists,"Florian Marquardt, Uni Erlangen-Nürnberg",ML4Phy-17,https://www.video.uni-erlangen.de/course/id/574,2017,"Targeted at physicists, this course introduces machine learning concepts like supervised learning, reinforcement learning, and deep learning with applications to problems in quantum systems, materials science, and physics simulations."
Machine Learning for Intelligent Systems,"Kilian Weinberger, Cornell University",CS4780,https://www.youtube.com/playlist?list=PLl8OlHZGYOQ7bkVbuRthEsaLr7bONzbXS,F2018,"This course teaches the core principles of building intelligent systems using machine learning. Topics include regression, classification, boosting, and deep learning, with a practical and project-driven focus."
Statistical Learning Theory and Applications,"Tomaso Poggio, Lorenzo Rosasco, Sasha Rakhlin",9.520/6.860,https://www.youtube.com/playlist?list=PLyGKBDfnk-iAtLO6oLW4swMiQGz4f2OPY,F2018,"An advanced course exploring the theoretical foundations of statistical learning, including generalization, empirical risk minimization, and the theory of deep learning. Ideal for students interested in ML research."
Machine Learning and Data Mining,"Mike Gelbart, University of British Columbia",CPSC-340,https://www.youtube.com/playlist?list=PLWmXHcz_53Q02ZLeAxigki1JZFfCO6M-b,2018,"A comprehensive introduction to machine learning and data mining techniques, covering decision trees, ensemble methods, clustering, and deep learning. Emphasizes practical applications, programming, and model evaluation."
Foundations of Machine Learning,"David Rosenberg, Bloomberg",FOML,https://www.youtube.com/playlist?list=PLnZuxOufsXnvftwTB1HL6mel1V32w0ThI,2018,"David Rosenberg teaches core machine learning concepts with an emphasis on mathematical foundations. Covers topics such as convex risk minimization, model complexity, regularization, and kernel methods, with practical coding assignments."
Introduction to Machine Learning,"Andreas Krause, ETH Zürich",IntroML,https://www.youtube.com/playlist?list=PLzn6LN6WhlN273tsqyfdrBUsA-o5nUESV,2018,"Andreas Krause offers a mathematically rigorous yet approachable introduction to machine learning. The course covers supervised learning, unsupervised learning, probabilistic models, and reinforcement learning. Emphasis is placed on algorithmic thinking, theoretical guarantees, and practical application, preparing students for both academic and industry settings."
Machine Learning Fundamentals,"Sanjoy Dasgupta, UC-San Diego",MLF-slides,https://www.youtube.com/playlist?list=PL_onPhFCkVQhUzcTVgQiC8W2ShZKWlm0s,2018,"This course delivers a clear and insightful introduction to machine learning, focusing on the statistical foundations of learning theory. Topics include classification, regression, bias-variance tradeoff, and clustering. Dasgupta’s explanations are intuitive yet mathematically grounded, making it ideal for both beginners and advanced students."
Machine Learning,"Jordan Boyd-Graber, University of Maryland",CMSC-726,https://www.youtube.com/playlist?list=PLegWUnz91WfsELyRcZ7d1GwAVifDaZmgo,2015/2018,"This graduate-level course covers machine learning fundamentals with a strong focus on probabilistic modeling, latent variables, and decision theory. Students explore classical algorithms like SVMs and boosting, as well as Bayesian approaches to learning. It’s particularly strong on interpretability and structured prediction."
Machine Learning,"Andrew Ng, Stanford University",CS229,https://www.youtube.com/playlist?list=PLoROMvodv4rMiGQp3WXShtMGgzqpfVfbU,2018,"Andrew Ng's legendary CS229 course remains a cornerstone for machine learning education. The course systematically covers supervised learning, unsupervised learning, generative learning algorithms, and advice for practical ML system design. It blends strong mathematical foundations with real-world intuition."
Machine Intelligence,"H.R.Tizhoosh, UWaterloo",SYDE-522,https://www.youtube.com/playlist?list=PL4upCU5bnihwCX93Gv6AQnKmVMwx4AZoT,2019,"This course introduces core concepts from artificial intelligence and machine learning, with emphasis on understanding and designing intelligent agents. Topics include search algorithms, decision making under uncertainty, and learning from data, with applications in automation and robotics."
Introduction to Machine Learning,"Pascal Poupart, University of Waterloo",CS480/680,https://www.youtube.com/playlist?list=PLdAoL1zKcqTW-uzoSVBNEecKHsnug_M0k,S2019,"Pascal Poupart’s course covers the basics of machine learning, including regression, classification, clustering, and structured prediction. Strong emphasis is placed on probabilistic modeling, graphical models, and decision theory. The course balances theory with hands-on assignments."
Advanced Machine Learning,"Thorsten Joachims, Cornell University",CS-6780,https://cornell.mediasite.com/Mediasite/Catalog/Full/f5d1cd3323f746cca80b2468bf97efd421,S2019,"A research-focused course that covers structured prediction, online learning, ranking, and learning to search. Thorsten Joachims emphasizes connections between machine learning theory and algorithm design, with strong practical and theoretical components."
Machine Learning for Structured Data,"Matt Gormley, Carnegie Mellon University",10-418/10-618,https://www.youtube.com/playlist?list=PL4CxkUJbvNVihRKP4bXufvRLIWzeS-ieP,F2019,"This course covers advanced methods for handling structured prediction problems such as sequences, trees, and graphs. Topics include CRFs, structured SVMs, and approximate inference, with strong emphasis on applications in NLP and vision."
Advanced Machine Learning,"Joachim Buhmann, ETH Zürich",ML2-AML,https://video.ethz.ch/lectures/d-infk/2019/autumn/252-0535-00L.html,F2019,"This ETH Zürich course dives into advanced machine learning topics like probabilistic graphical models, structured prediction, and deep generative models. Emphasizes formal mathematical frameworks and real-world application scenarios."
Machine Learning for Signal Processing,"Vipul Arora, IIT-Kanpur",MLSP,https://iitk-my.sharepoint.com/:f:/g/personal/vipular_iitk_ac_in/Enf97NZfsoVBiyclC6yHfe4BlUv6CA4U8LPQQ4vtsDo_Xg,F2019,"A specialized course focusing on the intersection of signal processing and machine learning. Topics include sparse coding, dictionary learning, and deep learning for audio and sensor signals."
Foundations of Machine Learning,"Animashree Anandkumar, CalTech",CMS-165,https://www.youtube.com/playlist?list=PLVNifWxslHCA5GUh0o92neMiWiQiGVFqp,2019,"A strong theoretical course covering supervised learning, unsupervised learning, generalization theory, and optimization. Animashree Anandkumar provides deep insights into tensor methods, latent variable models, and non-convex optimization landscapes."
Machine Learning for Physicists,"Florian Marquardt, Uni Erlangen-Nürnberg",None,https://www.video.uni-erlangen.de/course/id/778,2019,"Tailored for physicists, this course explains supervised and unsupervised learning, reinforcement learning, and deep learning in the context of physical systems. Covers how ML can assist in understanding quantum mechanics, materials, and dynamical systems."
Applied Machine Learning,"Andreas Müller, Columbia University",COMS-W4995,https://www.youtube.com/playlist?list=PL_pVmAaAnxIQGzQS2oI3OWEPT-dpmwTfA,2019,"Taught by one of the maintainers of scikit-learn, this hands-on course focuses on practical aspects of machine learning. Students learn data preprocessing, model selection, hyperparameter tuning, and how to build and evaluate ML pipelines."
Fundamentals of Machine Learning over Networks,"Hossein Shokri-Ghadikolaei, KTH, Sweden",MLoNs,https://www.youtube.com/playlist?list=PLWoZTd81WFCEBFrxDfNUrDnt3ABdLfg80,2019,"Focuses on decentralized and distributed machine learning over networks. Topics include federated learning, consensus algorithms, and communication-efficient ML methods, critical for modern large-scale ML deployments."
Foundations of Machine Learning and Statistical Inference,"Animashree Anandkumar, CalTech",CMS-165,https://www.youtube.com/playlist?list=PLVNifWxslHCDlbyitaLLYBOAEPbmF1AHg,2020,"An expanded version of Anandkumar's 2019 course, adding emphasis on statistical inference topics, including hypothesis testing, confidence intervals, and robust learning under uncertainty."
Machine Learning,"Rebecca Willett and Yuxin Chen, University of Chicago",STAT 37710 / CMSC 35400,https://voices.uchicago.edu/willett/teaching/stats37710-cmsc35400-s20,S2020,"This course blends statistical rigor with modern ML techniques. Topics include high-dimensional statistics, optimization, generalization theory, and kernel methods, making it ideal for students wanting a strong mathematical grounding."
Introduction to Machine Learning,"Sanjay Lall and Stephen Boyd, Stanford University",EE104/CME107,https://www.youtube.com/playlist?list=PLoROMvodv4rN_Uy7_wmS051_q1d6akXmK,S2020,"An accessible introduction to machine learning, covering regression, classification, clustering, and dimensionality reduction. Focuses on practical algorithm design and data-driven problem solving with a mathematical underpinning."
Applied Machine Learning,"Andreas Müller, Columbia University",COMS-W4995,https://www.youtube.com/playlist?list=PL_pVmAaAnxIRnSw6wiCpSvshFyCREZmlM,S2020,"Taught by one of the core developers of scikit-learn, this course provides a practical, hands-on approach to machine learning. It focuses on real-world application rather than theoretical derivations, covering data preprocessing, model building, hyperparameter tuning, model evaluation, and deployment considerations. Students learn a wide array of techniques, from classical algorithms like linear regression and decision trees to more advanced ensemble methods and basic deep learning. "
Statistical Machine Learning,"Ulrike von Luxburg, Eberhard Karls Universität Tübingen",Stat-ML,https://www.youtube.com/playlist?list=PL05umP7R6ij2XCvrRzLokX6EoHWaGA2cC,SS2020,"This course focuses on the statistical foundations of machine learning, including empirical risk minimization, VC dimension, concentration inequalities, and statistical guarantees for ML algorithm"
Probabilistic Machine Learning,"Philipp Hennig, Eberhard Karls Universität Tübingen",Prob-ML,https://www.youtube.com/playlist?list=PL05umP7R6ij1tHaOFY96m5uX3J21a6yNd,SS2020,"Covers Bayesian methods, probabilistic inference, and Gaussian processes in depth. Emphasizes probabilistic reasoning for modeling uncertainty in machine learning systems."
Machine Learning,"Sarath Chandar, PolyMTL, UdeM, Mila",INF8953CE,https://www.youtube.com/playlist?list=PLImtCgowF_ET0mi-AmmqQ0SIJUpWYaIOr,F2020,"Comprehensive introduction to deep learning and classical machine learning methods. Covers CNNs, RNNs, generative models, and recent advances in self-supervised and reinforcement learning."
Machine Learning,"Erik Bekkers, Universiteit van Amsterdam",UvA-ML,https://www.youtube.com/playlist?list=PL8FnQMH2k7jzhtVYbKmvrMyXDYMmgjj_n,F2020,"A rigorous course on machine learning fundamentals, covering supervised learning, unsupervised learning, and an introduction to geometric deep learning and group equivariant methods."
Neural Networks for Signal Processing,"Shayan Srinivasa Garani, Indian Institute of Science",NN4SP,https://www.youtube.com/playlist?list=PLgMDNELGJ1CZn1399dV7_U4VBNJflRsua,F2020,"Focuses on using neural networks for classical signal processing tasks, including filtering, denoising, and time-series analysis, bridging deep learning with traditional DSP techniques."
Introduction to Machine Learning,"Dmitry Kobak, Universität Klinikum Tübingen",None,https://www.youtube.com/playlist?list=PL05umP7R6ij35ShKLDqccJSDntugY4FQT,2020,"An approachable introduction to machine learning covering basic supervised and unsupervised learning methods, model evaluation, and overfitting, with intuitive explanations and real-world examples."
Machine Learning (PRML),"Erik J. Bekkers, Universiteit van Amsterdam",UvAML-1,https://www.youtube.com/playlist?list=PL8FnQMH2k7jzhtVYbKmvrMyXDYMmgjj_n,2020,"Based on Bishop's Pattern Recognition and Machine Learning, this course provides a deep dive into probabilistic modeling, Bayesian inference, and statistical learning theory."
Machine Learning with Kernel Methods,"Julien Mairal and Jean-Philippe Vert, Inria/ENS Paris-Saclay, Google",ML-Kernels,https://www.youtube.com/playlist?list=PLD93kGj6_EdrkNj27AZMecbRlQ1SMkp_o,S2021,"Focuses on kernel methods including SVMs, kernel ridge regression, and recent advances like scalable kernel approximations. Bridges classical statistical learning with modern scalable algorithms."
Continual Learning,"Vincenzo Lomonaco, Università di Pisa",ContLearn'21,https://www.youtube.com/playlist?list=PLm6QXeaB-XkBfM5RgQP6wCR7Jegdg51Px,2021,"Introduces the field of continual (lifelong) learning, covering challenges like catastrophic forgetting and methods such as replay strategies, dynamic architectures, and meta-learning."
Causality,"Christina Heinze-Deml, ETH Zurich",Causal'21,https://stat.ethz.ch/lectures/ss21/causality.php,2021,"An advanced course introducing graphical models, potential outcomes, interventions, and counterfactuals. Emphasis is placed on learning causal structures from data and distinguishing causation from mere correlation."